{
	"version": "0.2.0",
	"configurations": [
		{
			"type": "mrs-debugger",
			"request": "launch",
			"name": "UART",
			"cwd": "c:\\Users\\OWNER\\Desktop\\9434d\\CAN\\UART",
			"openOCDCfg": {
				"useLocalOpenOCD": true,
				"executable": "c:/MounRiver/MounRiver_Studio2/resources/app/resources/win32/components/WCH/OpenOCD/OpenOCD/bin/openocd.exe",
				"configOptions": [
					"-f \"c:/MounRiver/MounRiver_Studio2/resources/app/resources/win32/components/WCH/OpenOCD/OpenOCD/bin/wch-arm.cfg\""
				],
				"gdbport": 3333,
				"telnetport": 4444,
				"tclport": 6666,
				"host": "localhost",
				"port": 3333,
				"skipDownloadBeforeDebug": false,
				"enablePageEraser": false,
				"enableNoZeroWaitingAreaFlash": false
			},
			"gdbCfg": {
				"executable": "c:/MounRiver/MounRiver_Studio2/resources/app/resources/win32/components/WCH/Toolchain/arm-none-eabi-gcc/bin/arm-none-eabi-gdb.exe",
				"commands": [
					"set mem inaccessible-by-default off",
					"set remotetimeout unlimited"
				],
				"options": []
			},
			"startup": {
				"initCommands": {
					"initReset": true,
					"initResetType": "init",
					"armSemihosting": false,
					"additionalCommands": []
				},
				"loadedFiles": {
					"executableFile": "c:\\Users\\OWNER\\Desktop\\9434d\\CAN\\UART\\obj\\UART.elf",
					"symbolFile": "c:\\Users\\OWNER\\Desktop\\9434d\\CAN\\UART\\obj\\UART.elf",
					"executableFileOffset": 0,
					"symbolFileOffset": 0
				},
				"runCommands": {
					"runReset": true,
					"runResetType": "halt",
					"additionalCommands": [],
					"setBreakAt": "main",
					"continue": true,
					"setProgramCounterAt": 0
				},
				"debugInRAM": false
			},
			"svdpath": "c:\\MounRiver\\MounRiver_Studio2\\resources\\app\\resources\\win32\\components\\WCH\\SDK\\default/ARM/CH32F103/NoneOS/CH32F103xx.svd",
			"output": {
				"showDebugGDBTrace": true,
				"saveDebugOutputToFile": false,
				"showDebugOutputTimestamps": true
			},
			"isDualCoreDebug": false,
			"dualCoreDebugRole": null,
			"architecture": "ARM"
		}
	]
}